example_id,intended_urgency,predicted_urgency,Low_prob,Medium_prob,High_prob,Critical_prob
1,Low,Low,0.32477957010269165,0.2627812325954437,0.22617611289024353,0.18626314401626587
2,Medium,Low,0.3516433537006378,0.269574910402298,0.21474865078926086,0.16403312981128693
3,High,Low,0.3295334577560425,0.29420754313468933,0.2043650597333908,0.17189393937587738
4,Critical,Medium,0.2910776138305664,0.3074202239513397,0.236362025141716,0.16514013707637787
5,High,High,0.2732223570346832,0.2543143630027771,0.2771880626678467,0.1952751725912094
6,Medium,Medium,0.21877731382846832,0.5128735899925232,0.14624160528182983,0.12210750579833984
7,Low,Low,0.33633872866630554,0.24485400319099426,0.2408895045518875,0.1779177486896515
8,Critical,Medium,0.20754794776439667,0.44473665952682495,0.1815422773361206,0.16617316007614136
